timestamp,task_id,subtask_id,user_id,action,outcome,detail,command,version,input,pr
2026-10-06T13:55:48.147Z,P0001,,38179254,claim_encoding,accepted,,campaign.claimTask,1,"{""task_id"":""P0001""}",2
2026-10-06T13:56:18.709Z,P0001,,38179254,claim_encoding,rejected,already_locked,campaign.claimTask,1,"{""task_id"":""P0001""}",3
2026-10-06T16:28:48.659Z,P0001,,38179254,reap,released,encoding,,,,
2026-10-07T10:01:55.809Z,P0001,,38179254,claim_encoding,accepted,,campaign.claimTask,1,"{""task_id"":""P0001""}",4
2026-10-07T16:04:14.218Z,P0001,,38179254,reap,released_with_work,encoding,,,,
2026-10-08T07:33:20.323Z,P0001,,297915765,claim_encoding,accepted,,campaign.claimTask,1,"{""task_id"":""P0001""}",5
2026-10-08T07:33:35.772Z,P0001,,297915765,claim_encoding,rejected,already_locked,campaign.claimTask,1,"{""task_id"":""P0001""}",6
2026-10-08T16:06:42.672Z,P0001,,297915765,reap,released_with_work,encoding,,,,
2026-10-09T13:49:54.962Z,P0001,,297915765,claim_encoding,accepted,,campaign.claimTask,1,"{""task_id"":""P0001""}",7
